company,website,industry,team_size,ats,open_jobs,jobs_posted_last_30_days,jobs_posted_previous_30_days,remote_share,top_departments
BIBIBOP,,,,greenhouse,271,256,8,0,Bibibop - Team; Bibibop - Operational Leader; Bibi Restaurant Leadership
ACCEL Schools,,,,greenhouse,255,248,4,0.02,School Support; Elementary Teaching; Special Education
Truelogic,https://www.truelogicsoftware.com/,,,ashby,169,135,7,0.95,Operations; Pipeline; Technology
Bosch Home Comfort,,,,smartrecruiters,2000,1796,204,0.02,Engineering; Information Technology; Sales
Cortica - Neurodevelopmental,,,,greenhouse,108,103,4,0.02,Behavioral Intervention; Behavioral Analysis; Speech Therapy
Agibank,,,,greenhouse,107,78,3,0,Vendas; Tecnologia; Clientes
Captivation,,,,greenhouse,72,57,0,0,Software Engineer; DevOps Engineer; Systems Engineer
1-800-GOT-JUNK?,,,,greenhouse,49,49,0,0,Customer Experience Leaders (1-800-GOT-JUNK?); 1-800-GOT-JUNK?
The City of Fort Worth,,,,greenhouse,51,50,1,0,Transportation & Public Works; Water; Park & Recreation
Jerry,https://jerry.ai/,Fintech,225,ashby,44,44,0,0.98,Insurance; Data; Product
Varda Space,,,,greenhouse,108,64,4,0,Internship; Spacecraft Engineering; Build
ACLU - Internships,,,,greenhouse,43,42,0,0.74,Legal; Immigrants' Rights Project; National Prison Project
Nexthop.ai,,,,bamboohr,42,42,0,0.1,Other; - Engr HW; - Engr SW
Centria Autism,,,,greenhouse,1264,820,154,0.02,Behavior Technician; Clinical Supervisor - Certified; Operations
Lunar Outpost,,,,bamboohr,35,35,0,0,"Systems Engineering, Integration, & Test; Guidance, Navigation, & Control; Business Development"
Specter Aerospace,,,,bamboohr,34,34,0,0,Electrical Engineering; Flight Sciences; Vehicle Design
Astranis,http://www.astranis.com,Industrials,500,greenhouse,184,109,18,0.01,Payload Internships; Production & Manufacturing Internships; Software Internships
Aspire Living & Learning,,,,greenhouse,38,34,1,0,Adult Services; ALL Academy; Adult Clinical
Pilot Company,,,,smartrecruiters,1828,1340,335,0,Retail Operations (OPSTRAVELCENTER); Administration (ADMINISTRATION); Corporate and Business Services (CORP-BUSINESS SVCS)
Tether,https://careers.tether.io,,,recruitee,181,83,14,0.99,Data; Product​; Other
Swiggy,https://www.swiggy.com,,,smartrecruiters,179,144,30,0,Sales; Supply Chain; Other
ACT1 Federal,,,,greenhouse,44,33,2,0,Evergreen; DASN DIB; TASC
NBCUniversal,,,,smartrecruiters,451,317,83,0.04,Other; Production; Engineering
Robinhood,,,,greenhouse,165,88,18,0,ENG Infrastructure; Crypto Engineering; ENG Executive Office
Advanced Technology Services,,,,greenhouse,104,67,12,0.24,Maintenance Technician; Site Leadership; Engineer
Stand Together,,,,lever,106,66,12,0.2,Koch Internship Program; Americans for Prosperity; Marketing & Communications
Trax,https://traxtech.com,,,bamboohr,24,24,0,0.12,Audit Management; PMO; Engineering
Chowdeck,https://chowdeck.com,Consumer,103,bamboohr,23,23,0,0,Strategy & Operations; Engineering; Brand & Marketing
Version 1,https://version 1,,,smartrecruiters,153,99,24,0.01,"Digital, Data and Cloud; Enterprise Applications; Public Sector & Utilities (Ireland)"
StoneCo,https://www.stone.co/,,,greenhouse,367,208,59,0,Comercial; Logística; Engenharia & Tecnologia
Wellmark,,,,smartrecruiters,48,39,6,0,Internships; Technology; Analytics | Data Science
Inter.link,https://inter.link/,,,greenhouse,160,83,21,0,INTER - TALENT ACQUISITION MG - 01.001.01.00.00.01.00.04.00.01.00.1; INTER - PRESIDENCY MG - 01.001.01.00.00.00.00.00.00.00.00.1; INTER - US GROWTH REVENUE & RECOVERY MG
Stepful,https://www.stepful.com,Education,100,ashby,44,29,3,0.3,Learning; Product; Growth & Marketing
SingleStore,https://www.singlestore.com,B2B,150,greenhouse,45,26,2,0.31,Engineering Internships; Engineering; Sales
Ebury,https://ebury.com/,,,greenhouse,150,99,27,0,Sales; Technology; Data
National Life,,,,greenhouse,97,51,11,0.05,- 5051010; - 3076090; - 9284020
bunq,https://bunq.com,,,recruitee,19,19,0,0,"Support & Operations; Risk, Legal & Compliance; Other"
Blank Street,,,,greenhouse,100,45,9,0,Cafe Team UK; Cafe Leadership UK; Cafe Team US
Clear,https://clear.in/,Fintech,900,greenhouse,50,30,4,0,Engineering; Sales and Business Development; Aviation
SOCOTEC Global,,,,smartrecruiters,729,261,85,0.02,Production; Engineering; Training
FlixTrain,https://flix.careers,,,greenhouse,146,88,25,0,FlixTrain Office; Operations; Human Resources
Metriport,https://metriport.com/,Healthcare,29,ashby,18,18,0,0,Engineering; Customer Success; Product
Latent,https://latenthealth.com,Healthcare,50,ashby,24,20,1,0.17,GTM; Engineering; Talent
Beacon AI,https://beaconai.co,,,ashby,19,17,0,0,Engineering; Business Ops/Non-Engineering; Recruiting
Experian,https://experian,,,smartrecruiters,400,232,81,0.14,Technology; Sales & Business Development; Product Management
Apex Space,https://apexspace.com,,,ashby,132,79,24,0,"Engineering; Operations, Strategy, & Administrative; Production"
ABC Legal Services,,,,greenhouse,103,34,7,0.14,Process Servers; Process Server Performance; Operations (Docketly)
Avery Dennison,,,,smartrecruiters,489,270,99,0.06,Operations; Sales; Customer Service & Support
Helion Energy,http://helionenergy.com,Industrials,150,ashby,68,31,6,0,Electrical Engineering; Material Science; Science
AbbVie,,,,smartrecruiters,1852,1087,423,0.25,Research; Sales; Other
Astro Mechanica,https://astromecha.co/,Industrials,52,ashby,24,15,0,0.04,Manufacturing; Executive; Airframe
Klaviyo,,,,greenhouse,15,15,0,0,Campus Recruiting; Engineering
Campfire,https://campfire.ai,B2B,105,ashby,50,22,3,0,Sales; Implementation & Customer Success; Marketing
Harvey,,,,ashby,334,137,50,0.04,Go to Market; Engineering; Marketing
Okta,https://www.okta.com,,,greenhouse,373,164,62,0.08,SW Eng - Applications-674; SW Eng - Core Identity-670; SW Eng - Infrastructure-672
Dandy,,,,ashby,75,43,12,0.44,Commercial; Operations; Technology
"Connor, Clark & Lunn Financial Group Ltd.",,,,greenhouse,87,38,10,0,Information Systems - CCLFG; Investment Data Analytics - CCLFG; Enterprise Architecture
HOKALI,https://www.hokali.com/,B2B,12,workable,15,14,0,0,Operations; Other
Distro,https://distro.app,B2B,11,lever,251,121,45,0.06,Company-Wide
OpenGov,,,,ashby,71,49,15,0.01,Sales; Professional Services; Engineering
Toast,https://pos.toasttab.com/,,,greenhouse,317,133,51,0.25,Sales : Retail Sales AEs; Sales : Strategic Cuisines Sales AEs; Sales : SMB Field Sales AEs
HUD,https://www.hud.ai,B2B,24,ashby,30,18,2,0.8,Engineering & Research; Operations; GTM
Focal Systems,http://www.focal.systems,B2B,170,greenhouse,28,18,2,0.32,Field Operations; Engineering; Customer Success
Certified Group,,,,greenhouse,84,41,12,0.05,Main Lab - Micro; Courier; Management
Abacum,https://www.abacum.ai/,B2B,125,ashby,14,13,0,0.21,Sales; Professional Services; Engineering
Luminate,http://www.luminatemed.com,Healthcare,55,bamboohr,13,13,0,0.38,Healthcare Services; Clinical Operations; Other
Agoda,,,,greenhouse,307,114,44,0,Supply; Information Technology; Marketing
BILL,,,,greenhouse,44,22,4,0.02,Revenue; Engineering; Product Management
Amylyx Pharmaceuticals,,,,greenhouse,37,22,4,0.03,- Clinical Operations; - Commercial Operations; - IT
ibotta,,,,ashby,51,35,10,0,Business - Non Sales; Internships; Business - Sales
Gallup,,,,greenhouse,48,26,6,0,Workplace Advisory; Technology; Management Information Systems
Faire,https://www.faire.com/,B2B,900,greenhouse,78,37,11,0.04,Engineering; Algorithms & Data; Brand Partnerships
Grafana Labs,https://grafana.com/,,,greenhouse,122,59,21,1.0,R&D: Observability; Sales (North & South America); Sales (EMEA)
Shield AI,,,,lever,594,217,92,0.05,X-BAT Division; Hivemind Solutions Division; Aircraft Operations Division
Laminar,,,,lever,17,12,0,0.06,Engineering; Finance and Operations; Sales & Marketing
Appfire,,,,greenhouse,17,12,0,0,Engineering; Marketing; Sales
Appian Corporation,,,,greenhouse,168,62,23,0,Customer Success - Delivery; Engineering; Sales Direct - Staff
C3 AI,,,,greenhouse,92,38,12,0,Forward Deployed Engineering; Engineering; Product Management
Attentive,,,,greenhouse,31,14,1,0,Engineering; Sales; Customer Success
Lio (formerly askLio),https://www.lio.ai,B2B,80,ashby,16,14,1,0,Go-To-Market; Engineering; Implementation
Beacon Biosignals,,,,greenhouse,28,20,4,0.89,Clinical Diagnostics; Analytics & Machine Learning; Platform Engineering
Coinbase,https://www.coinbase.com,,,greenhouse,223,96,40,0.98,Internships & Emerging Talent Positions; Customer Experience; Finance & Accounting
Axiom,https://axiom.trade,Fintech,2,greenhouse,17,11,0,0.35,Commercial (QCS); Commercial (Non-QCS); Talent Success
Uplane,https://uplane.com,B2B,26,ashby,16,11,0,0.62,Marketing; Business Development
Flai,https://www.useflai.com/,Industrials,35,ashby,14,11,0,0.57,Sales; Customer Success; People
Charge Robotics,https://chargerobotics.com/,Industrials,25,ashby,14,11,0,0,Engineering; Field Operations; G&A
"Abricare, Inc.",,,,greenhouse,14,11,0,0,Operations; Growth
Fintual,https://fintual.com,Fintech,100,lever,13,11,0,0,Proyecto AFP; Legal y Regulatorio; Inversiones
Lexical Intelligence,,,,bamboohr,11,11,0,0,Non-OPA; Other; OPA
Oaknorth,https://oaknorth,,,ashby,19,13,1,0,Finance; Debt Finance; People
ClaimSorted,https://claimsorted.com,Fintech,20,ashby,18,13,1,0.39,Claims; Sales; Engineering
vCluster Labs,https://vcluster.com,,,ashby,27,15,2,1.0,Customer Engineering; Engineering; Sales
Chainguard,https://www.chainguard.dev/,,,greenhouse,79,44,16,1.0,R&D Engineering; International Sales Engineering; International Sales
GoDaddy,https://www.godaddy.com/,,,greenhouse,34,19,4,0.76,Engineering; Product Management; Care Sales
Accenture Federal Services,,,,greenhouse,614,205,94,0,- AFS Enterprise Data Solutions; - AFS Cloud Platform Engineering I; - AFS ServiceNow
Western Digital,,,,smartrecruiters,340,167,76,0.01,Engineering; Manufacturing; Human Resources
Apartment Life,,,,greenhouse,131,29,9,0,Conventional Program; Resident Services; Senior Adult Services
Protective Life,,,,lever,47,31,10,0.66,Sales / Protection & Retirement; Internships; Sales / Asset Protection
Finni Health,https://www.finnihealth.com/,Healthcare,40,ashby,146,91,40,0.12,Clinical; Business Development; Operations
Alan,https://alan.com/,,,ashby,117,64,27,0.38,Engineering; Sales 🇫🇷; Care
CHAOS Industries,,,,greenhouse,127,56,23,0,Engineering; Business Operations
1Password,https://www.1password.com,,,ashby,69,40,15,0.87,GTM; Technology; Product
Radiant,,,,ashby,98,36,13,0,Engineering; Operations
Xcimer Energy,,,,lever,54,30,10,0,Engineering; Science; Operations
WITHIN,,,,greenhouse,70,20,5,0.06,Digital Media; Creative Production; Creative Services
Seeq,https://www.seeq.com,,,workable,27,20,5,1.0,Software Engineering; Analytics Engineering; Sales
Bedrock Robotics,,,,ashby,44,18,4,0.09,Engineering; Operations; Program Management
Pleo,https://www.pleo.io/,,,ashby,32,18,4,0.16,Commercial; Customer Experience; Engineering
ChargePoint,,,,greenhouse,32,18,4,0.38,- Regional Sales; - NOC; - Finance/Accounting
ARQ,https://www.arqfinance.com/,Fintech,100,ashby,29,16,3,0,Engineering; Growth; Product
Mapbox,https://www.mapbox.com/,,,ashby,35,14,2,0.46,Navigation; Customer Engagement APJ; Data Services Operations
Axonius,,,,greenhouse,23,14,2,0.48,Security; R&D; Product Management
Pangram Labs,,,,ashby,16,14,2,0,Research; Engineering; Sales
Basalt,https://basalt.space/,Industrials,10,recruitee,17,12,1,0,Zorgeenheid 7; Zorgeenheid 1; Zorgeenheid 5
Cyvl,,,,ashby,16,12,1,0.06,Engineering; Sales; Product
Appinio,https://appinio.com/,,,greenhouse,15,12,1,0,Research Excellence; Marketing; Engineering
AirGarage,https://www.airgarage.com/,,,ashby,15,10,0,0.53,Operations; Sales; Data & Finance
Bluestone Physician Services,,,,greenhouse,12,10,0,0,Geriatrics (Provider); ADAPT (Provider); Behavioral Health (Provider)
Namespace,https://namespace.so,,,ashby,10,10,0,0,Engineering; Go-to-market
Abnormal,,,,greenhouse,81,41,16,0.89,Enterprise; Sales Development; Security
Blackbird Health,,,,greenhouse,94,31,11,0.48,Remote; Operations; Occupational Therapy
SeatGeek,https://seatgeek.com/,,,greenhouse,37,21,6,0.43,Software Engineering; Supply; Marketing & Communications
Meesho,http://www.meesho.com,B2B,1450,lever,60,19,5,0,"Tech; Fulfilment & Experience; Finance, Legal & PR"
Relay,,,,greenhouse,33,15,3,0,Customer Success; Accounting & Finance; Engineering
Weave,http://getweave.com,B2B,600,ashby,24,15,3,0.58,Technology; Revenue; Product Management
Curri,http://www.curri.com,Real Estate and Construction,104,ashby,21,15,3,0.67,Growth; Technology; Operations
Asana,https://asana.com/,,,greenhouse,99,38,15,0.09,Product Management; Foundations Engineering; Product Engineering
Coursera,https://www.coursera.org/,,,greenhouse,17,13,2,0,Partner Success Services; Sales & Enterprise; Engineering
Klaviyo,https://www.klaviyo.com/,,,greenhouse,141,55,24,0,Sales; Engineering; IT & Security
BETA Technologies,,,,greenhouse,116,32,12,0,Advanced Concepts 01-7001; Manufacturing Engineering 01-7401; NPI Engineering 03-7407
OpenRouter,https://openrouter.ai/,,,ashby,27,11,1,0.93,Go To Market; Engineering; Product & Design
Juno,https://junocompanion.com/,Healthcare,2,greenhouse,14,11,1,1.0,Graduate Student Loans; Operations/CX; Finance
American Public Health Association,,,,greenhouse,13,9,0,0,Affiliate Affairs; Public Affairs and Advocacy; Membership Services
Anomali,https://www.anomali.com/company/careers,,,lever,10,9,0,1.0,Customer Success; Sales
Parasail,,,,ashby,10,9,0,0.3,Software Engineering; Operations; DC Ops
GOAT Group,https://www.goatgroup.com/,Consumer,1600,greenhouse,9,9,0,0.11,Operations; Marcom
Capco,,,,greenhouse,710,279,143,0,Business Consulting; Tech & Engineering; Data & Analytics
Rocket Lab USA,,,,greenhouse,552,245,125,0,USA Space Systems; Space Systems BD; Space Systems Software
Apex Companies,,,,greenhouse,165,73,34,0.07,Compliance; Northeast; SW Florida - Apex
AlphaSense,,,,greenhouse,194,71,33,0.56,Engineering; Customer Success; Financial Services Sales
HappyRobot,https://happyrobot.ai,B2B,80,ashby,79,22,7,0.2,Go-to-Market; Deployment; Engineering
Blink Health,,,,greenhouse,68,33,13,0.06,Blink Health Pharmacy; Corporate; Patient Services
TTP,,,,smartrecruiters,41,18,5,0,TTP Group; Awerian; Cellular Origins
Onebrief,https://onebrief.com,B2B,200,ashby,31,18,5,0.55,Customer Relations; Engineering; Infrastructure & Security
XP Inc.,https://www.xpi.com.br/,,,greenhouse,163,44,19,0,"Assessoria (B2C); Officer (Corporate, Empresas); Engenharia Software"
42 North Dental,,,,greenhouse,164,57,26,0,Dental Hygienists; Dental Assistants; PCR - Patient Care Representative
nerdwallet,https://www.nerdwallet.com,,,ashby,19,14,3,0.79,Sales; Engineering; Marketing
Paytm,,,,lever,175,56,26,0.01,Business; Sales; Product
Harper,https://www.harperinsure.com/,Fintech,25,ashby,35,12,2,0,Operations; Growth; Marketing
Hubble Network,https://hubble.com,Industrials,50,greenhouse,19,12,2,0.26,Business Operations; RF Payload (Commercialization) - Hardware; RF Payload (Commercialization) - Software
Tanium,,,,greenhouse,56,32,13,0.25,Development Sales; Enterprise Sales; IT Support
Amplitude,https://amplitude.com,B2B,750,ashby,38,21,7,0.32,Engineering; Sales; Marketing
PA Consulting,https://pa consulting,,,smartrecruiters,174,50,23,0.01,Consulting; Digital; Corporate
American Institute,,,,greenhouse,19,10,1,0,AI Faculty; AI Education Management; AI Admissions
CallRail,,,,greenhouse,12,10,1,0,Marketing; Product Management; Sales
KERNEL,https://www.kernel.sh,B2B,22,ashby,11,10,1,0,"Growth, Sales & Marketing; Product; Customer Success & Implementation"
True Anomaly,,,,greenhouse,200,59,28,0.01,Payloads Engineering; Mechanical Engineering; Production
Razorpay,https://razorpay.com,Fintech,2700,greenhouse,29,19,6,0,Product Management; Mid Market Sales; Solutions
Antares Nuclear,,,,ashby,86,46,21,0,Reactor Hardware Engineering; Internships; Manufacturing & Quality
Twilio,https://www.twilio.com/,,,greenhouse,130,53,25,1.0,Engineering; Sales; Customer Support
Canary Technologies,https://www.canarytechnologies.com,B2B,150,lever,36,17,5,0.47,Sales; Product; Marketing
Bounteous,https://bounteous.com,,,lever,32,17,5,0.88,Data & AI & Cloud; Digital Experience Platforms; Experience Innovation
Amplify Education,https://amplify.com,,,ashby,26,17,5,0.96,Product; Sales; Business Systems
Wizeline,https://www.wizeline.com/,,,greenhouse,29,8,0,0.14,Software Engineering; Mobile Engineering; Visual Design
Geneva Trading,,,,greenhouse,15,8,0,0,IT - Back & Middle Office Tech; DTG - Dublin; IT - Core Dev Internship Chicago
Prometheus,http://www.prometheusfuels.com,Industrials,25,ashby,10,8,0,0,R&D; G&A
People Culture Talent,,,,ashby,9,8,0,0.33,Engineering; People & Talent; All Departments
Relling,https://relling.co,B2B,,ashby,8,8,0,0,Engineering; Operations; GTM
Roofr,https://roofr.com/,Consumer,40,greenhouse,8,8,0,1.0,Sales; Engineering; Customer Success
Spotify,https://www.spotify.com/,,,lever,76,33,14,0.39,Engineering; Data and Analytics; Markets and Subscriber Growth
Anaplan,,,,greenhouse,141,49,23,0.24,Engineering; Field Sales; Pre-Sales
Atoms,,,,greenhouse,314,115,60,0,Transport - Engineering; Z---Do Not Use - US/CAN Kitchens Regional Operations_x; Engineering R&D
GiveDirectly,https://perfectwiki.page,,,greenhouse,38,22,8,0.37,Malawi Programs; DRC Programs; Internal Audit
Carta,,,,greenhouse,72,29,12,0.04,Carta Law; Carta Law Contracts; Account Executive
IonQ,,,,greenhouse,131,59,29,0.16,Compute - Engineering; Quantum Platform - Network & Security; Capella
Alice Bob,,,,lever,26,13,3,0,Quantum Hardware & Infrastructure; Growth; Platform
GoCardless,http://gocardless.com,Fintech,900,greenhouse,25,13,3,0,Product Development; Operations; Sales
Apex Skin,,,,greenhouse,19,13,3,0,General Dermatology Clinics; Marketing; Compliance
Fastly,https://www.fastly.com/,,,greenhouse,46,20,7,0.09,Legal; Product Management; Cloud Engineering - COR
GetYourGuide,https://getyourguide.com,,,greenhouse,61,27,11,0,Engineering; Sales; Finance & Legal
Natera,https://natera.com,,,greenhouse,202,85,44,0.19,Phlebotomy Solutions; Oncology Sales; Women's Health Sales
Crusoe,,,,ashby,360,146,79,0.02,Cloud Engineering; Manufacturing (MFG); Digital Infrastructure Group (DIG)
Konrad Group,,,,greenhouse,99,32,14,0,Web; Mobile; Strategy
Bottomline,,,,greenhouse,35,18,6,0,Finance & Legal; Software Products Revenue Operations; Sales
Pronto,http://www.tuprontomx.com/,Consumer,62,greenhouse,30,11,2,0,Mining - Engineering; Mining - Operations; Transport - Engineering
Everlaw,,,,greenhouse,40,16,5,0.2,Sales; Business Development; Engineering
Turing,https://www.turing.com/,,,greenhouse,30,16,5,0.37,Enterprise AI Engineering; R&D / Engineering; Frontier Data Operations
AlayaCare,,,,greenhouse,25,16,5,0,Engineering; PSO North America; PSO Australia
Wabash Valley Power Alliance,,,,smartrecruiters,22,16,5,0,Engineering & Operations; Transmission & Development; Customer Service
Centrum Health,,,,greenhouse,18,9,1,0,Physicians & Advanced Practice Providers; Clinic Support; Risk Adjustment
Bridgewater Associates,,,,greenhouse,17,9,1,0,Alpha Engine; Human Resources; Investment Implementation
BearingPoint Ireland,https://bearingpoint,,,greenhouse,16,9,1,0,Enterprise  Microsoft Transformation; Software - Dev; Architecture
Akido Labs,http://akidolabs.com,Healthcare,1000,greenhouse,22,14,4,0.09,Case Management; Clinical; Clinic Operations
Gojob,https://gojob.com/,,,lever,73,24,10,0,Operations; Sales; Tech
Schonfeld,,,,greenhouse,67,24,10,0,Internship; Compliance; AI Platform Engineering
Belvedere Trading,,,,lever,21,7,0,0,Trading; People; Technology
Skyways,http://skyways.com,Industrials,33,lever,20,7,0,0,Open Roles
Salient,https://www.trysalient.com,B2B,40,ashby,17,7,0,0,Engineering; Business; Applied AI
Olo,https://www.olo.com/,,,lever,13,7,0,1.0,Engineering; Customer Experience
Redox,https://www.redoxengine.com/,,,lever,10,7,0,1.0,Customer Success Organization; Legal; Operations
Remi,https://www.remihq.com,Real Estate and Construction,170,bamboohr,7,7,0,0.14,R&D; Operations; Success
Kobalt Labs,https://www.kobaltlabs.com/,B2B,12,ashby,7,7,0,0.14,Engineering; GTM; Customer Success
iFit,https://www.ifit.com/,,,greenhouse,25,12,3,0.64,Product; Marketing; IT
Astronomer,https://www.astronomer.io/,,,ashby,23,12,3,0.22,Sales; Engineering; Marketing
BVNK,,,,greenhouse,23,12,3,0.96,Compliance; Technology; Legal/Risk/Regulatory
Envoy,https://envoy.com/,,,ashby,22,12,3,0,Sales & Marketing; Research & Development; General & Administrative
AEVEX,,,,greenhouse,57,17,6,0.07,Engineering - AS; P76; Operations - AS
Centria Healthcare,,,,greenhouse,38,17,6,0,Private Duty Nursing; Rehab; PDN Business Support
Monzo,https://monzo,,,greenhouse,69,22,9,0.67,Engineering; Data; Finance
Tandem Health,https://tandemhealth.ai,,,ashby,71,27,12,0.1,Commercial; Product & Engineering; Medical Operations
Brex,,,,greenhouse,284,89,49,0.18,Sales; Engineering; Product
Mozilla,https://www.mozilla.org/,,,greenhouse,91,50,26,1.0,Firefox; Infrastructure; Thunderbird
Gusto,https://gusto.com,B2B,2400,greenhouse,95,35,17,0.15,Engineering; Customer Experience; Sales
Cabify,https://cabify.com/,,,greenhouse,69,30,14,0,Customer Experience & Operations; Finance; People
Checkr,http://www.checkr.com,B2B,800,greenhouse,44,25,11,0.14,Operations; Finance; Engineering
Apollo.io,https://www.apollo.io/,B2B,800,greenhouse,46,20,8,0.41,Sales; Engineering; Support
Tenable,https://www.tenable.com/,,,greenhouse,38,20,8,0.37,Territory Management; Marketing & Communications; Product Management
Nooks,,,,ashby,57,15,5,0.23,GTM; Customer Success & Support; Engineering
Enova,,,,greenhouse,31,15,5,0.03,Operations; Strategy & Operations; Tech
BlueCat Networks,https://bluecatnetworks.com/,,,lever,29,15,5,0.52,Product; Sales; Customer Success
Qumulo,,,,ashby,25,10,2,0.64,Engineering; Sales; Systems Engineering
Proxima Fusion,,,,ashby,48,18,7,0,"Operations, Manufacturing and Supply Chain; Stellarator Architecture, Plasma Modelling & Research, Numerical Optimization; Stellarator Engineering"
Catawiki,,,,greenhouse,45,18,7,0.02,Experts; Sales; Engineering
Awin,,,,greenhouse,33,18,7,0,"B2B Sales & Client Services; Product, Research & Development; Finance"
ANINE BING,,,,greenhouse,19,13,4,0,Retail US; Retail Canada; Wholesale
AAC Pacific Northwest,,,,greenhouse,40,8,1,0,Anesthesiologist; CRNA; Clinical Support
Rebar,,,,ashby,14,8,1,0.21,Engineering; Sales; Implementation
Semgrep,,,,ashby,13,8,1,0.23,Engineering Org; Sales Org; Product Org
princeton10,,,,lever,12,8,1,1.0,Creative; Delivery & Project Management; Paid Media
Nox Metals,https://noxmetals.co/,Industrials,35,ashby,10,8,1,0,Operations; Engineering; Customer
Thndr,http://www.thndr.app,Fintech,235,ashby,9,8,1,0,Tech; Finance; Investment
Vercel,https://vercel.com/,,,greenhouse,84,21,9,0.29,Engineering; Account Executive; Marketing
GitLab,https://about.gitlab.com/,,,greenhouse,211,96,55,0.89,Platforms Engineering; EMEA - Enterprise; DevOps Engineering
Anysphere,,,,ashby,132,34,17,0.44,Sales; Engineering; Solutions
Cerebras,,,,ashby,119,34,17,0.13,Software Engineering; IT & Security; Hardware
Despegar,,,,lever,81,34,17,0.02,Commercial; Global Partners; IT & UX
ALTEN Technology USA,,,,greenhouse,200,73,41,0.02,Engineering; Automotive; Aerospace
"Chime Financial, Inc",,,,greenhouse,68,29,14,0.04,Growth Marketing; Platform Engineering; Data Engineering
6sense,,,,greenhouse,31,16,6,0.52,Product Management; Sales; Engineering
DoorDash,,,,greenhouse,459,129,76,0.08,Order Fulfillment; Autonomy; Autonomy Operations
Revel,,,,ashby,25,11,3,0,Software Engineering; Product; Internship
Numeral,https://www.numeral.com/,B2B,110,ashby,24,11,3,0.29,Sales; Engineering & Product; Customer Success
Teleport,https://goteleport.com,B2B,255,ashby,24,11,3,0.96,Engineering; Revenue; People
Outset,https://outset.ai/,B2B,30,ashby,23,11,3,0.04,People; Customer Success; Sales
Oyster HR,https://www.oysterhr.com/,,,ashby,20,11,3,0.7,Operations; Product Development; Go To Market
AppDirect,,,,greenhouse,73,40,21,0.05,"Controller's Organization; People; Revenue, PartnerStack"
Hudl,https://www.hudl.com/,,,greenhouse,36,19,8,0.11,Elite Sales; Product; Competitive Sales
Atom Computing,,,,lever,35,19,8,0,Control Systems; Optical Engineering; Manufacturing
"Centessa Pharmaceuticals, a wholly owned subsidiary of Eli Lilly and Company",,,,greenhouse,29,19,8,0,CMC; Clinical Operations; Medical Affairs
Stripe,http://stripe.com,Fintech,7000,greenhouse,719,279,170,0.17,Account Executives (EMEA); General University; Global Operations
Cloudflare,,,,greenhouse,422,155,93,0.14,Solution Engineering; Engineering; Field Sales
AlphaSights Campus Recruiting,,,,greenhouse,28,14,5,0.07,Client Service
IntelliChoice Home Care,,,,greenhouse,35,6,0,0,Direct Care Staff
Pylon,https://www.pylonump.com/,B2B,72,ashby,18,6,0,0.22,Engineering; Biz Ops; Platform
Bobbie,,,,greenhouse,9,6,0,0.67,Manufacturing; Growth; Commercial
Ada,,,,greenhouse,8,6,0,1.0,Revenue; Product Development; Customer Experience
1-800 Contacts,,,,greenhouse,7,6,0,0.14,Inbound Sales & Service; Marketing; E-commerce & Merchandising
ConsenSys Inc,https://consensys.net/,,,ashby,6,6,0,0.67,Product; Business Development; Operations
Justo,https://www.getjusto.com,B2B,190,bamboohr,6,6,0,1.0,Operations; Todos
MintMCP,https://leads.mintmcp.com,,,ashby,6,6,0,0,GTM; Operations; Engineering
Gas South,,,,greenhouse,6,6,0,0.17,Human Resources & Community Affairs; IT
AppsFlyer,,,,greenhouse,47,17,7,0,R&D; Sales; Product
Canonical,https://www.canonical.com/,,,greenhouse,311,9,2,0.04,Operations; Devices Engineering; Alliances
MegazoneCloud,,,,ashby,24,9,2,0.25,Tech; Sales/Marketing; MSP
Capstone Investment Advisors,,,,greenhouse,15,9,2,0,Internship Program; Tech - Enterprise; Investment
Maincode,,,,ashby,13,9,2,0,Engineering; Growth; Talent
Aescape,,,,ashby,11,9,2,0,Sales; Hardware Engineering; Supply Chain
Allegiantair,,,,lever,63,31,16,0.02,Finance & Accounting; Stations; Maintenance
Addepar,,,,greenhouse,113,45,25,0.68,Enterprise Practice SA; Sales Strategic & Enterprise; Core Product Engineering
BillionToOne,https://www.billiontoone.com,Healthcare,300,greenhouse,84,23,11,0.74,"Field Sales, Prenatal; Field Sales, Oncology; Lab Operations"
Hotjar,https://careers.hotjar.com/,,,lever,24,12,4,0.17,Sales; Finance; HR & Employee Experience
Funding Circle,https://funding circle,,,ashby,18,12,4,0,Product Engineering; Sales; Data
Axon,,,,greenhouse,497,165,102,0.29,Axon EVG_R&D; Sensors - Devices; GSS TAM SW
Arcesium LLC,,,,greenhouse,52,15,6,0,Technology; Financial Operations; Product
Algolia,http://www.algolia.com,B2B,810,greenhouse,38,18,8,0.47,Direct Sales; R&D; Production Engineering
Epic Games,https://www.epicgames.com/site/en-US/careers,,,greenhouse,149,49,28,0,Engineering Specialist; Engineering Generalist; Art
Figma,https://www.figma.com/careers/,,,greenhouse,155,38,21,0,Sales; Engineering; Business Operations
InstaLILY,,,,greenhouse,21,7,1,0,Research and Development; Sales and Marketing (incl Growth); General and Administrative
Boulder Care,,,,greenhouse,18,7,1,0.44,Full-Time Clinicians; Peer Services; Community Engagement
Talos,,,,ashby,16,7,1,0,Engineering; Internships; Account Management
Aviatrix,,,,greenhouse,16,7,1,0,Engineering; Advanced Cloud Services; Sales Other
Thrive Market,https://thrivemarket.com/,,,greenhouse,14,7,1,0.71,"Batesville, IN - Fulfillment Center; Marketing; Product Engineering"
Boom,https://boomsupersonic.com/,Industrials,227,ashby,12,7,1,0,"GTM; Engineering; Finance, Accounting and Support Functions"
Apera AI,,,,greenhouse,11,7,1,0.36,Sales; Engineering; Customer Success
BerlinRosen,,,,greenhouse,11,7,1,0.18,Arts & Culture; Public Affairs; Real Estate + Hospitality
Oddball,https://oddball.io/,,,greenhouse,10,7,1,0.7,Engineering; Business Development
Mindex,,,,workable,8,7,1,0.62,SchoolTool; SOW; Professional Services (Other)
Resultant,,,,smartrecruiters,8,7,1,0.25,Information Technology; PS_Data Science Team; PS_MA Advisory Team
Airbnb,http://airbnb.com,Consumer,6132,greenhouse,158,61,36,0.15,Software Engineering; Community Support; Business Development
ASM,,,,greenhouse,481,121,75,0,"SU1.BU3.Global Sales, Services & Spares; BU2.PEALD; SU1.BU3.China Account 1"
Perry Homes,,,,workable,105,47,27,0,Sales; Construction; Headquarters
Retell AI,https://retellai.com,B2B,50,ashby,26,10,3,0.23,Operations; Engineering; Applied AI
Altana,,,,greenhouse,19,10,3,0.05,Sales and Delivery; Implementation; Product Management
Fingerprint,https://fingerprint.com,,,greenhouse,23,13,5,1.0,Engineering; Sales; Marketing
RF-SMART,,,,greenhouse,23,13,5,0.04,Sales North America; Hardware; RFS for NetSuite
Legora,https://www.legora.com/,B2B,400,ashby,275,91,56,0.01,Go To Market (GTM); Legal Engineering; Engagement
BambooHR,,,,greenhouse,36,16,7,0.75,Applications Engineering & Architecture; Platform Engineering; Revenue Marketing
Verse Medical,http://versemedical.com/,Healthcare,200,ashby,34,16,7,0.21,Sales & Customer Success; Billing & Operations; Engineering
Allen Control Systems,,,,ashby,42,22,11,0,Engineering; Operations; Enablement
Athelas,http://athelas.com,Healthcare,1000,ashby,79,34,19,0.24,Engineering; Operations; Enterprise
