role,country,currency,period,salary_median,salary_p25,salary_p75,salary_median_by_company,salary_min_avg,salary_max_avg,sample_size,companies,remote_share
Software Engineer,US,USD,year,210800,183300,251000,200641,186247,265958,2056,379,0.18
Product Manager,US,USD,year,208000,175500,240000,202500,180727,244628,569,224,0.36
Account Executive,US,USD,year,155500,112500,222250,162062,145502,192158,307,122,0.29
Engineering Manager,US,USD,year,254488,237500,287600,250000,237370,316988,229,105,0.2
Enterprise Account Executive,US,USD,year,187500,146812,287500,255625,194439,244084,202,90,0.42
Technical Program Manager,US,USD,year,202000,170625,244500,187500,184786,255927,191,70,0.09
Software Engineer,Multiple,USD,year,213500,189657,243562,202241,172327,248927,188,52,0.55
Product Designer,US,USD,year,205000,169500,233875,204960,178440,237188,168,105,0.24
Mechanical Engineer,US,USD,year,162500,132500,190000,160750,135855,192138,147,55,0.04
Electrical Engineer,US,USD,year,164750,135000,197314,165000,141473,201359,138,49,0.03
Machine Learning Engineer,US,USD,year,245000,208500,276000,230316,205758,286285,135,60,0.27
Customer Success Manager,US,USD,year,137500,111000,173600,135000,124555,166592,129,73,0.33
Territory Manager,US,USD,year,72500,72500,77500,77500,67126,83150,127,4,0.05
Forward Deployed Engineer,US,USD,year,200000,170000,230000,192500,161308,238352,125,88,0.17
Territory Account Executive,US,USD,year,150000,150000,166500,150000,122668,196003,123,3,0.0
Software Engineer,CA,CAD,year,176250,150000,194500,175588,152233,203063,122,42,0.35
Systems Engineer,US,USD,year,175225,142938,203025,172500,145212,207399,122,49,0.05
Data Scientist,US,USD,year,205000,170000,253500,193375,184526,258616,119,62,0.24
Security Engineer,US,USD,year,206125,184742,262125,205000,190681,266363,112,60,0.31
Project Manager,US,USD,year,122000,110000,137750,133000,103790,153548,112,35,0.16
Product Marketing Manager,US,USD,year,172000,140875,188525,171000,149788,192668,110,70,0.29
Program Manager,US,USD,year,171750,149375,201403,170000,149168,207398,98,55,0.09
Technical Recruiter,US,USD,year,143500,135000,167500,151250,127239,176704,91,64,0.18
Sales Development Representative,US,USD,year,81256,62500,99250,85000,74614,91288,84,59,0.13
Data Engineer,US,USD,year,170000,149900,215000,182750,160909,220379,83,48,0.17
Member of Technical Staff,US,USD,year,249500,215000,265000,244750,193692,292634,80,33,0.05
Strategic Account Executive,US,USD,year,183900,143250,356250,250000,213526,270660,76,29,0.61
Backend Engineer,US,USD,year,219225,194375,234125,215000,178531,254330,72,45,0.36
Research Engineer,US,USD,year,325000,269750,470000,240000,286485,493388,71,21,0.06
Psychiatric Mental Health Nurse Practitioner,US,USD,year,225000,225000,225000,194200,146152,273246,71,4,0.92
Product Engineer,US,USD,year,210000,187500,250000,201250,175890,263693,71,51,0.17
Behavior Technician,US,USD,year,49057,44720,52915,47840,43601,55087,70,3,0.0
Product Manager,Multiple,USD,year,220000,194250,270000,210000,193063,261552,69,27,0.75
Site Reliability Engineer,US,USD,year,194500,170000,230500,196250,167081,235092,69,42,0.32
Counsel,US,USD,year,245000,213025,275000,217500,214131,287294,64,29,0.27
Software Engineer,Multiple,EUR,year,93950,78850,109300,103250,77700,115493,63,8,0.33
Software Engineer,Multiple,CAD,year,186250,160188,215906,184000,168020,226102,62,20,0.66
Manufacturing Engineer,US,USD,year,148750,115750,165000,151250,123771,172523,62,30,0.02
Account Manager,US,USD,year,106000,85000,120000,112500,104228,133977,61,35,0.41
Solutions Engineer,US,USD,year,187500,168750,224250,186250,163135,225047,60,44,0.4
Business Development Representative,US,USD,year,84750,71498,98125,85000,75511,93445,60,52,0.15
Board Certified Behavior Analyst,US,USD,year,95000,90000,102000,91375,89099,106722,57,5,0.26
Full Stack Software Engineer,US,USD,year,203375,165625,259500,200000,183466,263009,56,27,0.16
Full Stack Engineer,US,USD,year,199930,174250,215000,200000,169092,237246,55,41,0.18
Platform Engineer,US,USD,year,200000,172450,226250,201000,166125,240477,51,37,0.31
Recruiter,US,USD,year,148750,117375,171800,146550,128192,174724,50,40,0.12
Solutions Architect,US,USD,year,186500,154000,226600,189639,163085,226716,49,32,0.39
Accountant,US,USD,year,107500,91500,118000,107500,95063,120987,49,45,0.22
DevOps Engineer,US,USD,year,191100,167500,200000,185000,135657,229734,48,21,0.06
Vice President,US,USD,year,264000,225000,313025,260150,236704,297542,47,25,0.23
Business Consultant,US,USD,year,78750,75000,131875,107500,78804,129565,46,3,0.43
Deployment Strategist,US,USD,year,170000,140000,180000,180000,134376,196338,45,20,0.02
Sales Engineer,US,USD,year,169722,142600,190000,165000,140434,189313,44,27,0.48
Executive Assistant,US,USD,year,128960,120000,151975,132500,119086,151406,43,39,0.02
AI Engineer,US,USD,year,203000,170450,237000,206000,172889,242274,42,27,0.36
Design Engineer,US,USD,year,179750,145000,215000,190000,151345,216654,42,32,0.29
Network Engineer,US,USD,year,166600,138412,199875,170500,142387,211621,42,22,0.05
Mechanical Design Engineer,US,USD,year,150000,135812,171225,163125,126389,185000,42,26,0.1
Director,US,USD,year,243600,214250,254750,237500,194056,271980,41,26,0.2
Embedded Software Engineer,US,USD,year,189975,153125,207500,185500,151169,212243,38,20,0.05
Research Scientist,US,USD,year,274500,243000,330000,262500,219129,362917,37,19,0.05
Associate Director,US,USD,year,160000,136438,182000,160000,139857,178845,37,15,0.32
Software Engineer,GB,GBP,year,228750,130750,250250,144125,171206,255294,36,16,0.19
Software Engineer,Remote,USD,year,205000,186250,221250,202500,170573,240137,36,16,1.0
Applied AI Engineer,US,USD,year,238500,202500,264500,209500,193794,267371,35,20,0.09
Flight Software Engineer,US,USD,year,170000,138250,205250,169242,144469,200544,35,10,0.0
Data Analyst,US,USD,year,151150,118000,173669,143500,125172,167849,34,28,0.29
Financial Analyst,US,USD,year,110750,93125,135125,114500,97361,131570,34,28,0.15
Backend Software Engineer,US,USD,year,198500,167500,230000,198921,172676,244435,33,18,0.12
Engineer,US,USD,year,192500,175000,278828,242500,179515,253472,33,15,0.09
Product Manager,CA,CAD,year,155000,147000,185000,173000,143761,194293,33,17,0.61
Field Marketing Manager,US,USD,year,147000,129500,160000,137750,123761,171655,33,16,0.42
Brand Designer,US,USD,year,166500,140512,202625,150000,144325,191378,32,25,0.12
Manager,US,USD,year,175250,145000,210250,175250,155897,204646,31,27,0.29
Forward Deployed Software Engineer,US,USD,year,167500,166250,167500,180000,139381,208631,31,7,0.0
Growth Marketing Manager,US,USD,year,155000,135000,179250,150500,141798,176711,31,22,0.19
Consultant,US,USD,year,150000,107500,153250,111250,95000,177806,31,5,0.35
Solutions Consultant,US,USD,year,135000,120250,200000,186000,129766,183668,31,14,0.16
Associate Manager,US,USD,year,130200,130200,130200,90000,98814,147162,31,5,0.29
Legal Engineer,US,USD,year,231500,228000,270000,228000,198983,294867,30,5,0.0
Regional Vice President,US,USD,year,212200,175500,219400,221200,167399,237819,30,8,0.33
Chief of Staff,US,USD,year,200000,185000,229549,200000,180704,230043,30,30,0.03
Technical Account Manager,US,USD,year,157500,135000,175000,157500,135149,177955,29,22,0.55
Mid Market Account Executive,US,USD,year,132500,94000,200000,172750,144266,180293,29,21,0.48
Legal Counsel,US,USD,year,201250,157000,220012,211000,165849,230372,28,14,0.11
Technical Product Manager,US,USD,year,167250,120000,199506,187500,137771,204965,28,18,0.54
Test Engineer,US,USD,year,140000,126318,159988,147375,111146,174758,28,17,0.0
Recruiting Coordinator,US,USD,year,86180,77365,91008,86180,76288,96300,28,28,0.0
Partner Account Manager,US,USD,year,85000,65000,85000,120000,78804,94307,27,3,0.85
Commercial Counsel,US,USD,year,226000,182312,268750,236250,203980,253910,26,20,0.35
System Engineer,US,USD,year,201323,172089,201323,201323,116561,265791,26,3,0.0
Scientist,US,USD,year,155000,133625,160562,155250,136616,170542,26,12,0.0
Operations Manager,US,USD,year,134500,101250,140000,137000,104538,142269,26,10,0.23
Infrastructure Engineer,US,USD,year,215000,195000,235000,213750,187648,258132,25,22,0.32
Nurse Practitioner,US,USD,year,147500,132500,147500,140000,123876,158100,25,4,0.08
Lead Product Manager,US,USD,year,220000,197438,238375,225000,187558,251988,24,14,0.25
Systems Administrator,US,USD,year,121500,80465,137084,129375,100242,142151,24,14,0.0
Software Engineering Manager,US,USD,year,251100,232500,263750,240000,217561,295685,23,15,0.13
Engagement Manager,US,USD,year,147500,141500,180200,151250,120887,199026,23,8,0.3
Product Manager,Multiple,EUR,year,102500,86500,114999,99125,86180,120679,23,4,0.17
Director of Engineering,US,USD,year,305500,288500,329288,305000,273841,361205,22,17,0.18
Engineering Manager,Multiple,USD,year,262000,234125,270000,242750,221627,276895,22,10,0.41
GNC Engineer,US,USD,year,191000,167875,207169,181500,144570,220850,22,6,0.0
Analytics Engineer,US,USD,year,182000,163125,198750,182000,162809,209686,22,20,0.27
Partner Marketing Manager,US,USD,year,155540,136722,161250,148200,141718,190028,22,15,0.23
Technical Sourcer,US,USD,year,141188,128250,153750,141188,121057,164855,22,16,0.18
Project Engineer,US,USD,year,112500,108125,122500,125000,100955,141309,22,9,0.0
Commercial Account Executive,US,USD,year,95850,67500,170000,160000,102927,130173,22,12,0.23
Strategic Finance,US,USD,year,207500,180000,247000,195000,179571,234705,21,11,0.0
Product Manager,Multiple,CAD,year,196250,172500,199250,195000,168340,223279,21,11,0.48
Sales Manager,US,USD,year,236250,182500,330625,251250,215622,283535,20,16,0.25
Frontend Engineer,US,USD,year,225000,205000,232500,225000,183710,259170,20,11,0.35
Controller,US,USD,year,201250,166250,221250,201250,173750,215162,20,20,0.35
Solution Engineer,US,USD,year,190781,152500,190781,155000,140415,195898,20,7,0.65
Founding Engineer,US,USD,year,185000,175000,203750,185000,154500,244500,20,15,0.05
Software Developer,CA,CAD,year,165650,133750,185075,148025,129890,184850,20,6,0.2
Quality Engineer,US,USD,year,129850,110612,146880,127500,108559,152476,20,15,0.2
Solution Consultant,US,USD,year,120000,120000,126125,135250,92250,162000,20,4,0.8
Enterprise Sales Director,US,USD,year,297500,167648,335000,167648,250678,294616,19,6,0.74
Product Security Engineer,US,USD,year,216000,175175,260225,210500,181253,249524,19,14,0.26
FPGA Engineer,US,USD,year,179075,160350,196250,188725,146730,209914,19,11,0.0
DevSecOps Engineer,US,USD,year,170000,148750,190500,187338,141103,192632,19,8,0.05
GTM Engineer,US,USD,year,163750,149500,172500,163750,136526,186553,19,17,0.16
Partner Manager,US,USD,year,161000,143000,196250,156250,152943,196264,19,14,0.42
Technical Support Engineer,US,USD,year,114400,99840,147375,129250,111015,138233,19,14,0.37
Researcher,US,USD,year,418750,260762,440000,194675,293022,411072,18,6,0.22
Group Product Manager,US,USD,year,265382,228750,265382,253000,221106,271536,18,11,0.44
Customer Engineer,US,USD,year,240000,209625,252750,205000,196917,254583,18,7,0.22
Account Director,US,USD,year,214500,179375,234625,167500,193939,243250,18,6,0.33
Application Security Engineer,US,USD,year,188000,162375,219750,183000,173200,242322,18,12,0.39
Team Lead,US,USD,year,184000,150125,193750,177500,158456,199261,18,11,0.28
People Business Partner,US,USD,year,166500,162368,186988,168000,149546,199306,18,15,0.17
Traveling Superintendent,US,USD,year,125000,125000,130000,125000,97778,158889,18,3,0.0
"Director, Product Management",US,USD,year,282360,271000,330000,280000,259871,328098,17,15,0.24
Lead Software Engineer,US,USD,year,215500,182000,225000,216250,179671,242641,17,14,0.06
Solution Architect,US,USD,year,201500,174600,212500,206800,158494,237941,17,10,0.24
Corporate Counsel,US,USD,year,198850,172500,220500,214000,176504,234574,17,13,0.18
Firmware Engineer,US,USD,year,190000,183300,207000,192500,168343,229798,17,15,0.06
Finance Manager,US,USD,year,175000,165000,190000,175000,158041,203439,17,15,0.29
General Manager,US,USD,year,170000,97095,205000,181250,136709,176416,17,12,0.12
Propulsion Engineer,US,USD,year,167500,140000,205000,167500,141313,208491,17,5,0.0
Supplier Quality Engineer,US,USD,year,134500,112500,151750,134500,105194,172976,17,13,0.0
Associate,US,USD,year,123875,107500,155000,108000,114538,162132,17,9,0.18
Technical Writer,US,USD,year,97250,91000,105000,98725,88059,124647,17,12,0.06
Cloud Engineer,US,USD,year,163700,155138,186875,185000,125149,215196,16,7,0.06
Business Systems Analyst,US,USD,year,163500,131950,175875,148919,141744,196242,16,12,0.25
IT Systems Engineer,US,USD,year,156750,140000,193375,164950,152744,204194,16,12,0.25
Accounting Manager,US,USD,year,153750,137856,182642,152500,141502,174066,16,15,0.44
Implementation Manager,US,USD,year,142500,114242,160000,142500,125561,158812,16,12,0.25
Regional Sales Director,US,USD,year,239000,206638,239000,215075,219243,260687,15,7,0.53
"Manager, Engineering",US,USD,year,216000,215500,259000,216000,202880,253567,15,9,0.47
Android Engineer,US,USD,year,215000,210250,285000,253000,189000,290527,15,5,0.07
Product Operations Manager,US,USD,year,194300,180000,196562,194300,153400,213758,15,9,0.07
Power Electronics Engineer,US,USD,year,188725,181250,209638,186862,171955,222717,15,8,0.0
Strategic Projects Lead,US,USD,year,187500,187398,187500,187398,151955,222124,15,8,0.0
Architect,US,USD,year,170400,150000,184000,172700,155741,219760,15,6,0.87
Technical Project Manager,US,USD,year,170000,138025,187500,165000,144812,179339,15,10,0.0
Research Engineer,Multiple,USD,year,168500,165000,212000,212000,138667,249533,15,3,0.87
Mechanisms Engineer,US,USD,year,159150,157500,164916,159487,137143,183640,15,8,0.07
System Administrator,US,USD,year,152942,139625,164462,148596,99850,197876,15,6,0.0
Marketing Manager,US,USD,year,145000,123750,163500,145000,123539,163884,15,15,0.4
IT Engineer,US,USD,year,145000,127250,171745,145000,124205,175443,15,13,0.13
Litigation Paralegal,US,USD,year,135000,118750,214750,120000,99577,222540,15,5,0.13
Technical Consultant,US,USD,year,112500,112500,121500,121500,89037,155820,15,4,0.8
Office Manager,US,USD,year,76960,70720,105000,81700,78873,98709,15,14,0.0
Tech Lead Manager,US,USD,year,237000,237000,237000,237000,226921,305693,14,7,0.14
Product Engineer,Multiple,USD,year,225000,225000,247500,225000,191785,270161,14,7,0.5
Enterprise Account Executive,GB,GBP,year,207500,187500,290625,195000,198858,255215,14,8,0.07
Enterprise Sales Engineer,US,USD,year,202500,150279,215000,154852,149773,223143,14,6,0.93
Talent Acquisition Partner,US,USD,year,177500,103675,177500,138800,117266,175963,14,6,0.0
Lead Engineer,US,USD,year,166503,164150,220000,165241,154362,224685,14,6,0.29
Supplier Development Engineer,US,USD,year,148750,134375,184151,156619,130483,191150,14,6,0.07
Cybersecurity Engineer,US,USD,year,146250,121425,167500,127500,124200,179614,14,5,0.07
Full Stack Developer,US,USD,year,136650,117850,165575,151350,107964,176843,14,4,0.07
Support Engineer,US,USD,year,135000,125000,195025,135000,130843,172904,14,13,0.21
Engineering Technician,US,USD,year,94536,83200,145215,92456,97107,133547,14,10,0.07
Chief Engineer,US,USD,year,260000,247500,263600,258750,205750,301081,13,8,0.0
Applied Scientist,US,USD,year,247500,241906,255000,250000,210346,305134,13,7,0.15
Technical Lead,US,USD,year,213500,148500,222500,215000,159177,218015,13,11,0.31
Product Designer,Multiple,USD,year,208500,166500,236000,175000,156177,234077,13,9,0.46
Autonomy Engineer,US,USD,year,205000,203250,223750,162000,159615,244462,13,5,0.0
AI Software Engineer,US,USD,year,203750,150000,239500,203750,169742,242162,13,7,0.23
Technical Consultant,Multiple,USD,year,200000,113904,241000,241000,251303,409514,13,3,0.46
Fullstack Engineer,US,USD,year,195000,180000,200000,195000,162231,221885,13,8,0.31
Backend Engineer,Multiple,USD,year,194500,192484,206000,193492,159180,242342,13,6,1.0
Robotics Software Engineer,US,USD,year,187500,161300,199618,187250,158064,224615,13,12,0.0
Process Engineer,US,USD,year,165000,117500,177580,156750,130426,179638,13,8,0.15
Marketing Operations Manager,US,USD,year,151533,145000,170000,165000,134945,176655,13,9,0.38
Enterprise Customer Success Manager,US,USD,year,150000,132500,172500,150000,134462,165615,13,7,0.08
Global Supply Manager,US,USD,year,135000,120000,157500,137500,114615,165423,13,5,0.0
Research Associate,US,USD,year,99250,80388,124600,99250,90045,117561,13,9,0.08
Construction Project Manager,US,USD,year,89500,89500,143500,89500,104308,124923,13,5,0.0
AI ML Engineer,US,USD,year,227500,191000,255000,225000,186200,249200,12,7,0.0
Cloud Software Engineer,US,USD,year,184988,175000,192483,189977,148111,220450,12,3,0.0
Thermal Engineer,US,USD,year,170000,141875,192500,176250,139983,205271,12,10,0.0
Software Development Engineer,US,USD,year,163875,140400,195688,154500,139317,201183,12,10,0.0
Growth Manager,US,USD,year,162750,87500,190625,173000,134067,166183,12,6,0.33
Customer Success Engineer,US,USD,year,155000,125000,162500,152500,135667,168208,12,9,0.67
Content Marketing Manager,US,USD,year,153750,139375,196012,146250,135917,183410,12,10,0.25
Construction Manager,US,USD,year,151675,140000,165609,155000,139917,171548,12,5,0.0
HR Business Partner,US,USD,year,145250,126194,159625,145250,108625,154356,12,10,0.25
Nuclear Engineer,US,USD,year,143100,126488,174808,149422,130949,174106,12,4,0.08
Business Development Manager,US,USD,year,135000,135000,165330,157500,131237,173233,12,9,0.58
Software Engineer,IE,EUR,year,115000,106662,134450,140162,105717,158250,12,4,0.17
Administrative Assistant,US,USD,year,59280,54860,75000,63440,55638,72957,12,10,0.33
Product Marketing Lead,US,USD,year,225000,194750,271860,225000,225579,266370,11,9,0.18
Data Scientist,Multiple,USD,year,224000,194625,230750,217938,183642,241236,11,10,0.64
"Director, Customer Success",US,USD,year,221500,201000,234250,218625,183004,251545,11,8,0.18
Developer Advocate,US,USD,year,194500,177350,229500,180000,175364,222127,11,7,0.45
Electrical Design Engineer,US,USD,year,183750,153588,202500,183750,156211,204503,11,7,0.09
Hardware Engineer,US,USD,year,172200,142500,193750,172200,131945,213636,11,9,0.0
Revenue Operations Manager,US,USD,year,170000,135500,180000,167500,137932,180864,11,10,0.18
Materials Engineer,US,USD,year,170000,125000,192500,143675,136273,183427,11,6,0.0
People Partner,US,USD,year,169000,148750,184000,165000,145000,194636,11,10,0.18
Information Systems Security Officer,US,USD,year,162500,142819,182609,157150,125682,191386,11,8,0.0
Application Engineer,US,USD,year,157643,132150,214729,143775,139053,191698,11,8,0.0
Tooling Engineer,US,USD,year,157500,125000,172138,147912,122186,177982,11,8,0.0
Lifecycle Marketing Manager,US,USD,year,156000,147750,183250,155500,148000,178091,11,10,0.18
Performance Marketing Manager,US,USD,year,142500,134000,172000,142500,126842,169355,11,11,0.27
Product Counsel,US,USD,year,250500,241250,269125,251000,221700,299200,10,9,0.2
Associate General Counsel,US,USD,year,249000,212500,273750,258000,236495,288225,10,9,0.5
Fullstack Software Engineer,US,USD,year,236250,212000,257750,245750,218800,270200,10,4,0.5
Tech Lead,US,USD,year,232500,208125,308436,232500,210693,305846,10,10,0.4
Deployment Lead,US,USD,year,228750,177250,253875,207500,173720,254900,10,5,0.0
Regional Sales Manager,US,USD,year,218500,150000,342000,184250,203550,263150,10,4,0.5
AI Product Manager,US,USD,year,215000,188588,231225,205000,176190,235500,10,7,0.1
Engineering Manager,CA,CAD,year,208625,203188,215635,209144,186750,236698,10,8,0.4
Embedded Engineer,US,USD,year,200000,190625,222500,192500,157700,261560,10,5,0.0
"Manager, Customer Success",US,USD,year,195100,127438,275000,180200,177656,222334,10,5,0.1
Software Engineer,CA,USD,year,192500,182770,192500,190000,152732,213640,10,7,0.8
Growth Lead,US,USD,year,191250,173750,208750,191250,167000,220000,10,10,0.3
Growth Engineer,US,USD,year,190000,146875,198250,190000,152300,204300,10,10,0.2
Business Operations,US,USD,year,180000,161250,197125,180000,143400,201900,10,7,0.0
QA Engineer,US,USD,year,168750,130500,198125,132000,143100,182700,10,7,0.2
Reliability Engineer,US,USD,year,167500,154375,185550,170000,143240,192371,10,9,0.0
Strategic Sourcing Manager,US,USD,year,165000,146225,255500,146650,160950,217960,10,6,0.0
Internal Communications Manager,US,USD,year,157561,157561,179374,182444,165687,201340,10,4,0.8
GTM Recruiter,US,USD,year,153240,133792,163750,155000,125785,178856,10,9,0.3
Environmental,US,USD,year,150000,147656,171250,147500,122300,163325,10,5,0.2
Supply Chain Manager,US,USD,year,147500,138500,166875,145000,131800,186300,10,9,0.0
Database Engineer,US,USD,year,140495,120800,153747,137500,108829,177816,10,7,0.3
Contracts Manager,US,USD,year,140000,136000,169375,140000,130324,166539,10,9,0.1
Social Media Manager,US,USD,year,134500,113125,148466,134500,117588,158285,10,10,0.2
Revenue Accountant,US,USD,year,129562,115388,140000,129562,109485,145410,10,10,0.4
Proposal Manager,US,USD,year,125750,107875,135750,125500,104200,140900,10,5,0.2
Customer Success Manager,CA,CAD,year,114200,101625,125250,112450,102180,125700,10,8,0.4
Civil Engineer,US,USD,year,102500,96875,124750,130000,96650,126480,10,3,0.0
Maintenance Technician,US,USD,year,90054,73213,90054,78827,73128,93614,10,6,0.0
Customer Success Manager,GB,GBP,year,80200,50425,130000,90000,75200,101398,10,9,0.0
Payroll Specialist,US,USD,year,56420,47354,81690,78380,61534,75636,10,6,0.1
Product Lead,US,USD,year,250500,235000,262500,250500,197889,308429,9,7,0.11
Engineering Lead,US,USD,year,245000,245000,262500,245000,206667,289444,9,5,0.44
"Manager, Software Engineering",US,USD,year,245000,225000,260000,250000,210667,275556,9,6,0.44
Quantitative Researcher,US,USD,year,236000,175000,250000,216250,185778,241667,9,6,0.22
Product Manager,GB,GBP,year,232500,166000,232500,131750,133111,255111,9,4,0.22
Performance Engineer,US,USD,year,210000,187500,565000,198750,234733,500422,9,6,0.33
Rvp,US,USD,year,207500,207500,225000,222200,194889,258589,9,6,0.67
Perception Engineer,US,USD,year,205000,156000,226500,201250,150111,231889,9,8,0.0
Guidance,US,USD,year,200000,190000,230000,218472,166470,245283,9,4,0.0
Software Integration Engineer,US,USD,year,200000,145000,200000,165000,128667,212333,9,4,0.0
Partnerships Manager,US,USD,year,190000,155000,230000,190000,170932,215253,9,9,0.11
Simulation Engineer,US,USD,year,187500,145000,219375,187500,148400,212417,9,7,0.11
Account Executive,Multiple,USD,year,187500,172400,221000,187500,154837,214578,9,7,0.67
RF Engineer,US,USD,year,187500,175000,222088,189500,159019,223389,9,4,0.0
Sales Executive,US,USD,year,185000,167500,275000,167500,194000,225056,9,5,0.67
Cloud Security Engineer,US,USD,year,177650,175000,184500,177650,158811,208667,9,7,0.11
Product Analyst,US,USD,year,175750,156750,192000,176625,147111,199189,9,6,0.22
Implementation Engineer,US,USD,year,175000,131872,185000,153436,135493,197034,9,6,0.22
"Manager, Sales Development",US,USD,year,175000,135500,200200,171250,145667,197967,9,8,0.11
Product Designer,CA,CAD,year,170850,132000,180000,170850,137756,190056,9,7,0.11
Ground Software Engineer,US,USD,year,170000,136500,175000,155750,137444,192556,9,3,0.0
Information Security Engineer,US,USD,year,167500,167500,172500,165000,134444,195000,9,3,0.0
Mission Engineer,US,USD,year,165750,131000,165750,163750,118889,187178,9,3,0.22
Strategic Finance Associate,US,USD,year,162500,156500,165000,156500,138667,178778,9,5,0.0
Communications Manager,US,USD,year,155000,143000,190000,155000,168529,201989,9,9,0.11
Demand Generation Manager,US,USD,year,150500,135000,162500,145000,134333,164667,9,7,0.56
Operations Lead,US,USD,year,150000,142500,170000,160000,131822,190400,9,7,0.22
Harness Design Engineer,US,USD,year,140000,133550,175225,147194,128217,183044,9,4,0.11
Structures Engineer,US,USD,year,137500,134000,163000,150250,125161,184328,9,6,0.0
Business Analyst,US,USD,year,134000,125000,138100,131550,113678,164389,9,6,0.11
Supervisor,US,USD,year,132000,110000,132000,118450,97367,144006,9,4,0.0
Market Manager,US,USD,year,115500,94500,117000,115500,102000,117111,9,3,0.0
Product Marketing,US,USD,year,112500,112500,157500,157500,106667,173333,9,4,0.78
Product Engineer,GB,GBP,year,105000,102500,137500,105000,85000,147778,9,7,0.22
HR Generalist,US,USD,year,93600,89895,110000,93600,92372,114738,9,9,0.11
Project Coordinator,US,USD,year,84000,72500,104000,77500,76556,101689,9,6,0.33
Compliance Analyst,US,USD,year,80000,67500,185250,80000,98356,133533,9,5,0.22
Account Executive,GB,GBP,year,75625,65000,100000,77812,62611,89950,9,8,0.0
Sales Associate,US,USD,year,71000,71000,93600,82300,73636,86020,9,6,0.67
Operations Specialist,US,USD,year,56160,45760,94950,94950,63496,79444,9,5,0.67
Head of Sales,US,USD,year,369000,303125,381250,375000,311625,367875,8,7,0.38
General Counsel,US,USD,year,295000,275675,350250,295000,270319,340573,8,8,0.25
Director of Sales,US,USD,year,288750,185006,378000,288750,241125,315450,8,4,0.12
Head of Product Design,US,USD,year,272500,266875,305125,272500,243750,319625,8,8,0.38
"Director, Business Development",US,USD,year,255750,244000,310125,245000,245375,332875,8,3,0.12
GTM Strategy & Operations,US,USD,year,241000,215625,294750,217500,223193,284312,8,5,0.0
Engineering Manager,Multiple,CAD,year,237625,210125,263112,240000,208219,264039,8,7,0.5
Enterprise Architect,US,USD,year,226000,182925,227100,226000,175075,252850,8,5,0.38
Head of Growth,US,USD,year,222000,201875,232500,222000,192500,249750,8,8,0.12
Business Development Director,US,USD,year,207850,162500,248250,217600,185412,254638,8,4,0.0
Creative Director,US,USD,year,207500,200000,225875,217500,188625,232875,8,6,0.5
Site Reliability Engineer,Multiple,USD,year,204200,188000,233125,225000,155575,279725,8,5,1.0
Field Engineer,US,USD,year,203950,165500,225000,204350,161156,217944,8,7,0.25
Account Executive,Multiple,CAD,year,200175,175625,310000,200175,197975,290000,8,3,1.0
Data Engineer,Multiple,USD,year,200000,186875,213500,200000,178725,223625,8,7,0.5
Mobile Engineer,US,USD,year,195755,185000,217000,195755,175390,237862,8,8,0.38
Strategic Finance Lead,US,USD,year,192375,159375,202125,192375,170375,224938,8,8,0.12
Full Stack Software Engineer,Multiple,USD,year,191250,162500,220000,190000,151750,233250,8,5,0.75
Strategic Finance Manager,US,USD,year,180000,166125,192941,180000,161642,194146,8,8,0.5
Cloud Infrastructure Engineer,US,USD,year,175775,155138,195075,192000,142125,222750,8,4,0.0
"Manager, Strategy & Operations",US,USD,year,171500,156875,193688,168750,146325,196988,8,6,0.12
Business Operations Manager,US,USD,year,169250,159562,182500,169250,147688,189000,8,8,0.25
Systems Integration Engineer,US,USD,year,168750,130495,212625,168750,147776,209143,8,8,0.0
Compensation Manager,US,USD,year,168500,143875,170504,168500,137756,184124,8,6,0.0
Avionics Engineer,US,USD,year,165000,154875,173106,161250,134159,194084,8,4,0.0
Enterprise Account Executive,CA,CAD,year,164975,153275,176250,170000,156500,196288,8,5,0.25
Designer,US,USD,year,156750,134188,183750,156750,132188,177175,8,8,0.38
Structural Engineer,US,USD,year,149575,121875,166835,149575,125688,160559,8,8,0.0
"Manager, Revenue Accounting",US,USD,year,148750,132625,171000,137500,135125,168125,8,5,0.0
Forward Deployed Engineer,GB,GBP,year,145000,125000,195750,160000,124000,191250,8,7,0.25
Technical Architect,US,USD,year,140000,130625,205874,182400,134162,213638,8,5,0.75
Database Administrator,US,USD,year,136925,121338,168250,136250,126750,183550,8,5,0.12
Avionics Test Engineer,US,USD,year,136146,125000,144375,136146,117011,160437,8,5,0.0
Partnership Manager,US,USD,year,129700,95680,161250,152000,112340,149325,8,5,0.0
Strategic Finance Analyst,US,USD,year,119375,93588,129886,115500,98278,131809,8,7,0.0
Content Marketing,US,USD,year,112500,105000,124675,161200,94450,152725,8,3,0.88
Implementation Consultant,US,USD,year,109250,79125,125000,104750,94250,113500,8,4,0.38
Associate Product Manager,US,USD,year,96250,90000,132250,116250,93250,133375,8,6,0.5
IT Support Specialist,US,USD,year,80930,67621,111375,87506,79921,104838,8,7,0.0
Software Engineer,BR,USD,year,55750,45000,69375,78000,51500,83750,8,3,0.62
Growth,US,USD,year,282000,211000,282000,195000,196429,280714,7,3,0.0
Head of Marketing,US,USD,year,267500,193750,275000,267500,210714,272143,7,7,0.14
iOS Engineer,US,USD,year,228950,206500,251500,228000,191400,270729,7,6,0.57
Director of Revenue,US,USD,year,227000,208125,333625,227000,251971,306000,7,3,0.0
Security Engineer,Multiple,USD,year,225000,210250,250500,225750,182200,275943,7,6,0.71
Systems Engineer,Multiple,USD,year,219500,212750,222250,217500,184143,239429,7,4,0.57
Head of Talent,US,USD,year,215000,191250,237500,215000,183571,242857,7,7,0.43
Forward Deployed Product Manager,US,USD,year,215000,178750,247500,207500,178571,243214,7,6,0.14
Infrastructure Engineer,Multiple,USD,year,202500,191250,222250,208500,155000,228429,7,4,0.71
Lead Product Marketing Manager,US,USD,year,198875,195750,206938,197688,182214,223286,7,6,0.14
Applications Engineer,US,USD,year,195000,167500,210750,183125,141714,224429,7,4,0.0
Growth Marketing Lead,US,USD,year,188145,158250,188145,169072,172103,218164,7,4,0.71
Founding Account Executive,US,USD,year,180000,168750,205000,186250,122857,247857,7,6,0.43
Optical Engineer,US,USD,year,180000,160000,188000,175000,149929,200214,7,5,0.14
Product Engineer,CA,CAD,year,170000,159375,223875,167500,172214,230143,7,4,0.57
Marketing Lead,US,USD,year,170000,138750,191250,170000,140714,192143,7,7,0.0
Legal Operations Manager,US,USD,year,167500,160207,185000,167500,143385,192447,7,7,0.29
Mission Manager,US,USD,year,166675,156250,178838,166675,139307,196221,7,5,0.0
FP&A Manager,US,USD,year,165000,153750,185000,165000,144571,182714,7,7,0.29
Flight Test Engineer,US,USD,year,163000,140250,170000,164000,125864,185350,7,6,0.0
Sales Recruiter,US,USD,year,162500,157750,170000,163750,144571,185571,7,6,0.29
Lead Systems Engineer,US,USD,year,149000,142918,181250,154168,125240,197285,7,4,0.0
Procurement Manager,US,USD,year,140000,130000,163750,140000,131571,161000,7,7,0.0
"Manager, Professional Services",US,USD,year,137500,125750,161750,180000,136000,154571,7,3,0.0
Account Executive,DE,EUR,year,135000,91125,157500,116875,97357,149714,7,6,0.0
Engineering Manager,GB,GBP,year,135000,122250,217500,135000,145143,199429,7,7,0.43
Event Marketing Manager,US,USD,year,122500,113000,146250,122500,111857,146057,7,7,0.14
Client Success Manager,US,USD,year,120000,112272,120000,117047,97867,129146,7,6,0.43
Automation Engineer,US,USD,year,115000,108450,176250,114500,131914,171600,7,6,0.0
Field Service Engineer,US,USD,year,105000,96750,130000,116750,92543,128457,7,6,0.14
Operations Associate,US,USD,year,85000,76250,115000,85000,83571,103571,7,7,0.0
Quality Inspector,US,USD,year,78000,77480,83720,80600,64777,94046,7,4,0.0
"Manager, Applied AI Engineering",US,USD,year,318500,299375,318500,318500,275667,328500,6,3,0.17
Head of Product,US,USD,year,267500,226250,276125,260000,218167,275167,6,5,0.5
Strategic Account Director,US,USD,year,260000,165000,358750,165000,240500,274000,6,3,0.33
Product Design Manager,US,USD,year,254450,232989,261575,257900,221155,283735,6,5,0.0
"Director, Director",US,USD,year,245150,176738,312325,187500,206283,283150,6,5,0.5
Agent Product Manager,US,USD,year,242500,225625,242500,220000,186667,271667,6,3,0.0
Enterprise Account Executive,Multiple,USD,year,233750,134375,313344,162500,189927,251083,6,5,0.67
Founding Product Manager,US,USD,year,227500,192500,247500,227500,182500,259167,6,6,0.17
Director of Product Marketing,US,USD,year,223917,210833,246500,223917,203067,247211,6,6,0.67
Head of Partnerships,US,USD,year,222500,216250,225000,222500,193333,249167,6,6,0.0
Distributed Systems Engineer,US,USD,year,217000,191625,228125,217000,179572,241833,6,4,0.17
Director of Business Development,US,USD,year,216250,153750,237500,195000,174167,227500,6,5,0.17
ML Engineer,US,USD,year,215625,175312,240000,240000,176167,249250,6,3,0.5
Machine Learning Engineer,Multiple,USD,year,214778,195625,232056,197500,186502,253701,6,5,0.83
Manager Director,US,USD,year,210000,200312,225312,216250,192083,262917,6,4,0.67
Machine Learning Engineer,CA,CAD,year,207250,199500,215000,199500,173500,239833,6,3,0.33
AI Product Engineer,US,USD,year,201250,181250,211875,202500,156667,249167,6,5,0.5
Lead Data Scientist,US,USD,year,198000,166000,261012,230000,178450,251167,6,5,0.0
Head of Customer Success,US,USD,year,197500,191250,215000,197500,189167,234167,6,6,0.17
Founding Product Designer,US,USD,year,197500,153750,201875,197500,158333,207500,6,6,0.0
Product Marketing Manager,Multiple,USD,year,195250,169125,195725,195000,160333,217533,6,5,0.5
Hardware Systems Engineer,US,USD,year,193750,178125,228125,193750,170033,232667,6,4,0.0
Platform Software Engineer,US,USD,year,191218,149715,203722,178800,144811,207258,6,5,0.17
Director Director,US,USD,year,187500,176250,187500,187500,164167,251667,6,3,0.67
Enterprise Security Engineer,US,USD,year,186230,163740,204812,186230,157837,206567,6,6,0.17
Lead Technical Recruiter,US,USD,year,182125,154125,199738,182125,149717,205300,6,4,0.5
Sales Director,US,USD,year,181250,166875,201250,172500,161667,214167,6,5,0.5
Forward Deployed AI Engineer,US,USD,year,181250,168750,197500,172500,151750,212233,6,5,0.17
"Director, Product Marketing",US,USD,year,180000,175000,194375,191250,170833,248333,6,4,0.67
Electrical Systems Engineer,US,USD,year,180000,164088,198650,180000,153233,204367,6,4,0.0
Technical Program Manager,Multiple,USD,year,178750,161837,237000,178750,155810,245029,6,6,0.83
Director of Marketing,US,USD,year,175000,175000,197500,190000,161333,230667,6,4,0.67
Front End Software Engineer,US,USD,year,173025,170262,191500,171050,150133,209067,6,5,0.5
GTM Strategy & Operations Manager,US,USD,year,171000,171000,174000,171000,157583,195417,6,3,0.33
Data Platform Engineer,US,USD,year,168410,126080,195500,168410,143420,191186,6,6,0.33
Structural Analyst,US,USD,year,166988,145388,210244,162000,151722,203004,6,5,0.0
Build Engineer,US,USD,year,165000,144719,184044,170000,127767,194525,6,5,0.0
Data Engineer,Remote,USD,year,165000,149375,182500,165000,142500,169500,6,6,1.0
General Application,US,USD,year,160000,152500,180625,160000,86667,240833,6,5,0.17
C++ Software Engineer,US,USD,year,160000,160000,167500,170000,140000,197500,6,3,0.0
Client Partner,US,USD,year,159825,149650,225875,159825,162400,203867,6,4,0.0
Lead,US,USD,year,158000,147125,211625,162500,167167,209500,6,3,0.0
Business Recruiter,US,USD,year,156600,155000,167050,158200,134400,178333,6,5,0.17
"Manager, Accounting",US,USD,year,154500,148390,160625,154500,136100,176223,6,6,0.0
Regulatory Engineer,US,USD,year,149475,132125,161444,148012,120267,192433,6,4,0.33
Enterprise Account Manager,US,USD,year,148750,145625,155940,150000,135140,174167,6,5,0.5
Information System Security Officer,US,USD,year,146956,142303,149950,147056,103178,191939,6,4,0.0
Data Architect,US,USD,year,144900,138125,155575,148750,115517,180783,6,3,0.17
RF Test Engineer,US,USD,year,143025,127138,169544,152500,118358,175900,6,5,0.0
Software Developer,US,USD,year,138850,103175,161250,133125,107017,158067,6,4,0.33
Facilities Manager,US,USD,year,138750,124842,147625,138750,115217,150047,6,6,0.17
Construction Superintendent,US,USD,year,135000,125000,145000,135000,119567,164800,6,5,0.0
Validation Engineer,US,USD,year,132546,106250,156410,131296,112447,163642,6,4,0.0
Electrical Test Engineer,US,USD,year,130000,122500,130000,122850,111233,140667,6,3,0.0
Solutions Engineer,GB,GBP,year,129250,104750,150638,129250,112900,148850,6,6,0.33
Customer Marketing Manager,US,USD,year,128625,105000,229312,152250,145050,191533,6,3,0.67
Program Analyst,US,USD,year,127500,114678,138125,117285,115382,140308,6,4,0.17
SMB Account Executive,US,USD,year,126375,114288,168125,120250,129017,139333,6,5,0.0
Traveling Assistant Superintendent,US,USD,year,120000,103125,131250,120000,90000,145000,6,3,0.0
Regional Director,US,USD,year,116750,110000,139625,123500,112500,135333,6,3,0.67
Quality Assurance Engineer,US,USD,year,112250,87375,118750,109500,91167,121167,6,3,0.0
Payroll Analyst,US,USD,year,111675,101438,118650,111675,96200,124083,6,6,0.17
Customer Success Manager,Remote,USD,year,111550,105875,118650,111550,104867,146000,6,6,1.0
Copywriter,US,USD,year,105550,92500,161650,111100,107050,151150,6,5,0.17
Deal Desk Analyst,US,USD,year,102650,93325,121500,95800,92867,120567,6,5,0.33
Sales Operations Analyst,US,USD,year,101000,96125,106625,99500,83326,119033,6,5,0.17
Implementation Specialist,US,USD,year,94000,88125,110750,94000,104500,131333,6,6,0.5
Graphic Designer,US,USD,year,93750,90000,101250,93750,77550,120567,6,5,0.0
Inside Account Executive,US,USD,year,84650,75538,84650,72500,65401,91635,6,3,0.17
Licensed Practical Nurse,US,USD,year,73320,64740,75660,73840,67947,75573,6,5,0.17
Technical Support Specialist,US,USD,year,66250,58250,76725,66250,58933,86027,6,6,0.5
Office Coordinator,US,USD,year,50960,41600,76955,71410,53753,66653,6,4,0.0
Executive Director,US,USD,year,344500,300250,350000,340988,279800,357980,5,4,0.2
Medical Director,US,USD,year,300000,294175,304500,300000,275300,313770,5,5,0.6
"Director, Engineering",US,USD,year,300000,291000,326500,300000,275200,366400,5,5,0.0
Frontend Software Engineer,US,USD,year,287600,230000,307500,258800,209360,335260,5,4,0.2
Director of Product,US,USD,year,282500,200000,311000,282500,237200,283200,5,5,0.6
Head of Legal,US,USD,year,278000,250000,325000,278000,244800,319400,5,5,0.2
Data Science Manager,US,USD,year,268500,235000,272700,268500,240000,295280,5,5,0.2
Head of Design,US,USD,year,264500,250000,304500,264500,247800,347400,5,5,0.2
Security Software Engineer,US,USD,year,260000,202000,285500,272750,214400,295800,5,4,0.2
Head of People,US,USD,year,250000,225000,272500,250000,214000,277000,5,5,0.0
Developer Experience Engineer,US,USD,year,248050,215000,249500,248050,206260,259160,5,5,0.4
Channel Partner Manager,US,USD,year,245500,190000,245500,217750,176600,256800,5,4,0.4
Machine Learning Researcher,US,USD,year,243750,220000,275000,259375,184000,339500,5,4,0.0
Employment Counsel,US,USD,year,242000,222500,242000,232250,208800,326600,5,4,0.4
Managing Director,US,USD,year,242000,241500,242000,241750,216950,275500,5,4,0.0
Commercial Strategy Manager,US,USD,year,230500,174500,230500,202500,172140,235080,5,4,0.2
Lead Site Reliability Engineer,US,USD,year,230000,194500,235000,212250,182800,261995,5,4,0.0
Security Engineer,Multiple,CAD,year,226250,196750,352575,226250,203760,315900,5,3,0.4
Business Development,US,USD,year,220000,120000,225000,220000,153000,219000,5,5,0.2
Research Manager,US,USD,year,215000,170000,425000,192500,244000,325733,5,4,0.0
Editor,US,USD,year,210000,135000,237000,200625,170400,215400,5,4,0.4
Web Engineer,US,USD,year,207500,180500,240000,194000,181200,234000,5,4,0.4
Embedded Firmware Engineer,US,USD,year,206000,205000,206000,205500,169200,233000,5,4,0.0
Lead Electrical Engineer,US,USD,year,205000,199500,205000,205000,165800,226200,5,5,0.0
AI Research Engineer,US,USD,year,202500,199875,249500,202500,194000,258750,5,3,0.0
Partner Solutions Engineer,US,USD,year,200500,160000,225000,200500,175200,220600,5,5,0.4
Quantitative Developer,US,USD,year,200000,175000,200000,200000,156000,224000,5,5,0.0
Robotics Controls Engineer,US,USD,year,200000,140000,208000,174000,148000,210400,5,3,0.0
AI Architect,US,USD,year,197750,175000,300000,248875,195208,268020,5,4,0.8
Detection Engineer,US,USD,year,197400,161300,197400,197400,154300,225120,5,3,0.8
UX Researcher,US,USD,year,196190,125000,202000,196190,152878,187198,5,3,0.0
Offensive Security Engineer,US,USD,year,195000,172500,203500,199250,159480,223140,5,4,0.2
Full Stack Engineer,Multiple,USD,year,195000,185000,233520,209260,171808,239600,5,4,0.4
Technical Product Marketing Manager,US,USD,year,194040,186948,200328,193839,160658,207068,5,4,0.4
Security Operations Engineer,US,USD,year,193050,193050,200000,193050,154410,241660,5,3,0.2
Partner Development Manager,US,USD,year,191012,183600,191012,183600,169920,218980,5,3,0.4
Associate Counsel,US,USD,year,190000,167500,197500,190000,165000,209000,5,5,0.4
"Manager, Business Development",US,USD,year,187500,152500,191250,187500,147300,187600,5,5,0.2
Governance,US,USD,year,186000,186000,232500,186000,172400,226000,5,3,0.4
Technical Accounting Manager,US,USD,year,185252,162000,185252,173626,154668,186334,5,4,0.0
Product Design,US,USD,year,185000,160000,200000,185000,151080,201000,5,5,0.0
Capture Manager,US,USD,year,183500,145000,185750,183500,149940,214960,5,5,0.2
Data Scientist,Remote,USD,year,178500,145000,239500,178500,164713,228626,5,5,1.0
Hardware Test Engineer,US,USD,year,177000,150000,190000,177000,142200,193800,5,5,0.0
Strategy & Operations,US,USD,year,175000,150000,205000,175000,134000,228000,5,5,0.0
Analytics Engineer,Multiple,USD,year,171000,20000,196285,183642,111874,143640,5,4,1.0
Mechatronics Engineer,US,USD,year,165500,165000,180000,172500,158520,192900,5,4,0.0
Founding Recruiter,US,USD,year,165000,140000,190000,152500,133000,193000,5,4,0.0
Aerodynamics Engineer,US,USD,year,165000,160000,187500,165000,137320,190170,5,5,0.0
Lead Data Engineer,US,USD,year,165000,146000,195000,165000,143320,194147,5,5,0.4
Propulsion Development Engineer,US,USD,year,165000,139625,200000,165000,131760,200090,5,3,0.0
Avionics Systems Engineer,US,USD,year,165000,158025,210000,165000,141960,220850,5,3,0.0
RF Systems Engineer,US,USD,year,163000,163000,165000,165000,157970,216300,5,3,0.0
Talent Partner,US,USD,year,162500,145000,195000,170000,151000,211000,5,4,0.0
Dynamics Engineer,US,USD,year,162500,157500,165000,162500,140400,188600,5,3,0.0
Treasury Manager,US,USD,year,162000,162000,185000,185000,159400,199000,5,3,0.0
Information Systems Security Manager,US,USD,year,161650,160000,180000,161650,144580,191680,5,5,0.0
Motion Designer,US,USD,year,161500,155000,161500,158250,142400,178800,5,4,0.2
Sales Enablement Lead,US,USD,year,157500,145000,175000,157500,139000,166000,5,5,0.0
Customer Success Lead,US,USD,year,155000,130000,195000,155000,133000,178000,5,5,0.0
Executive Business Partner,US,USD,year,152500,152500,170000,161250,146841,194551,5,4,0.0
Lead Designer,US,USD,year,151500,141500,158750,152625,140100,193200,5,4,0.2
Revenue Operations Lead,US,USD,year,150000,140000,205000,150000,142300,185880,5,5,0.2
Tax Manager,US,USD,year,148500,147500,155000,148500,132400,164000,5,5,0.2
Digital Marketing Manager,US,USD,year,147000,140000,157500,147000,118288,168232,5,5,0.4
Sourcer,US,USD,year,142500,140000,162500,152500,121000,179000,5,4,0.2
Software Engineer,Multiple,GBP,year,141500,114354,153655,136578,111346,157858,5,4,1.0
Analyst,US,USD,year,140000,93200,160000,125350,102932,153968,5,4,0.4
Design Engineer,Multiple,USD,year,140000,95000,200000,170000,124000,175000,5,4,0.4
Penetration Tester,US,USD,year,137500,106000,156250,150000,110260,157040,5,3,0.0
Manager,CA,USD,year,135000,135000,145000,140000,116600,174200,5,4,0.0
Supply Chain Planner,US,USD,year,130000,110000,134500,128750,109362,142118,5,4,0.0
UX Designer,US,USD,year,128500,119400,155000,128500,113520,164040,5,5,0.4
Account Executive,Remote,USD,year,127500,97500,127500,112500,103625,155400,5,4,1.0
Events Manager,US,USD,year,125000,105000,125500,125000,111200,147000,5,5,0.2
Superintendent,US,USD,year,125000,125000,125000,125000,97000,161000,5,3,0.0
Project Developer,US,USD,year,122000,107500,122000,114750,97600,147000,5,3,0.0
Production Supervisor,US,USD,year,121175,121175,130000,121175,99270,142370,5,3,0.0
Scrum Master,US,USD,year,115600,115000,138100,115000,90820,165380,5,3,0.2
Sourcing Specialist,US,USD,year,109000,105000,109200,107100,87364,119916,5,4,0.0
Revenue Operations Analyst,US,USD,year,107500,104484,130000,107500,104209,131785,5,5,0.4
People Operations Specialist,US,USD,year,107500,95000,120000,107500,86800,126800,5,5,0.0
District Manager,US,USD,year,105000,100800,196562,150781,123640,159625,5,4,0.0
Information Security Analyst,US,USD,year,101500,77500,119500,110500,80140,120060,5,4,0.0
Business Manager,US,USD,year,100000,75000,110000,105000,98000,126000,5,4,0.0
Benefits Manager,US,USD,year,100000,64500,147150,123575,89362,105305,5,4,0.0
Buyer,US,USD,year,99400,87500,102500,99400,76340,107820,5,5,0.0
Workplace Coordinator,US,USD,year,99000,98800,103250,99000,88008,116412,5,5,0.0
Operations Analyst,US,USD,year,97500,67500,119910,97500,109436,135888,5,5,0.2
Administrator,US,USD,year,95000,90000,100000,96250,91030,124976,5,4,0.0
Enterprise Business Development Representative,US,USD,year,90000,75000,102500,82500,79000,88800,5,4,0.0
Enterprise Sales Development Representative,US,USD,year,85000,66500,100000,85000,74601,90001,5,5,0.2
Environmental Test Technician,US,USD,year,80080,60000,80080,80080,58472,87200,5,4,0.0
CNC Machinist,US,USD,year,78000,69680,90480,78000,65840,95880,5,5,0.0
Customer Support Specialist,US,USD,year,70000,60000,80000,70000,59160,85880,5,5,0.2
Additive Manufacturing Technician,US,USD,year,66040,59394,66602,66040,55037,70778,5,3,0.0
Customer Experience Associate,US,USD,year,65000,65000,72500,68250,68000,81600,5,3,0.6
Customer Success Associate,US,USD,year,63000,63000,70000,66500,60600,73400,5,4,0.4
Customer Service Representative,US,USD,year,31200,31200,62400,62400,44536,50864,5,3,0.8
